name,sec/op
ParallelBlockedSP/V=3-12,2.3584e-05
ParallelBlockedSP/V=5-12,3.2225000000000004e-05
ParallelBlockedSP/V=7-12,3.3701e-05
ParallelBlockedSP/V=10-12,4.4181e-05
ParallelBlockedSP/V=20-12,0.000100004
ParallelBlockedSP/V=50-12,0.000454196
ParallelBlockedSP/V=100-12,0.0019065190000000002
ParallelBlockedSP/V=500-12,0.050225645000000006
ParallelBlockedSP/V=1000-12,0.340349477
ParallelBlockedSP/V=2000-12,3.0313991860000002
ParallelBlockedSP/V=5000-12,60.518701141
ParallelBlockedSP/V=7500-12,142.87431490900002
ParallelBlockedSPRoutines/V=5000_GR=2_MaxProcs=12-12,172.69078004300002
ParallelBlockedSPRoutines/V=5000_GR=4_MaxProcs=12-12,55.344528788000005
ParallelBlockedSPRoutines/V=5000_GR=9_MaxProcs=12-12,42.771958298
ParallelBlockedSPRoutines/V=5000_GR=12_MaxProcs=12-12,42.772459634
ParallelBlockedSPRoutines/V=5000_GR=24_MaxProcs=12-12,42.557321380000005
ParallelBlockedSPRoutines/V=5000_GR=48_MaxProcs=12-12,39.405228034000004
ParallelBlockedSPRoutines/V=5000_GR=144_MaxProcs=12-12,43.164900908
ParallelBlockedSPRoutines/V=5000_GR=1000_MaxProcs=12-12,54.141841804
ParallelBlockedSPRoutines/V=5000_GR=5000_MaxProcs=12-12,83.654004164
ParallelBlockedSPProcs/V=5000_GR=48_MaxProcs=1-12,188.91281174000002
ParallelBlockedSPProcs/V=5000_GR=48_MaxProcs=2-12,103.86273101
ParallelBlockedSPProcs/V=5000_GR=48_MaxProcs=4-12,60.032794576
ParallelBlockedSPProcs/V=5000_GR=48_MaxProcs=8-12,43.570133763
ParallelBlockedSPProcs/V=5000_GR=48_MaxProcs=12-12,39.607887131000005
ParallelBlockedSPProcs/V=5000_GR=48_MaxProcs=16-12,40.034068311000006
ParallelBlockedSPProcs/V=5000_GR=48_MaxProcs=24-12,40.074312882
ParallelBlockedSPProcs/V=5000_GR=48_MaxProcs=32-12,40.085078795
ParallelPhaseBlockedSP/V=3-12,3.3371e-05
ParallelPhaseBlockedSP/V=5-12,3.3008e-05
ParallelPhaseBlockedSP/V=7-12,3.0050000000000002e-05
ParallelPhaseBlockedSP/V=10-12,3.385e-05
ParallelPhaseBlockedSP/V=20-12,5.1197000000000005e-05
ParallelPhaseBlockedSP/V=50-12,0.00023369700000000002
ParallelPhaseBlockedSP/V=100-12,0.0012275390000000001
ParallelPhaseBlockedSP/V=500-12,0.07444663700000001
ParallelPhaseBlockedSP/V=1000-12,0.5472397290000001
ParallelPhaseBlockedSP/V=2000-12,4.534894356000001
ParallelPhaseBlockedSP/V=5000-12,68.747343676
ParallelPhaseBlockedSP/V=7500-12,228.154844311
ParallelPhaseBlockedSPRoutines/V=5000_GR=2_MaxProcs=12-12,184.62863888200002
ParallelPhaseBlockedSPRoutines/V=5000_GR=4_MaxProcs=12-12,142.19505311900002
ParallelPhaseBlockedSPRoutines/V=5000_GR=9_MaxProcs=12-12,69.13580693
ParallelPhaseBlockedSPRoutines/V=5000_GR=12_MaxProcs=12-12,69.22615905400001
ParallelPhaseBlockedSPRoutines/V=5000_GR=24_MaxProcs=12-12,55.562782586000004
ParallelPhaseBlockedSPRoutines/V=5000_GR=48_MaxProcs=12-12,47.522660432
ParallelPhaseBlockedSPRoutines/V=5000_GR=144_MaxProcs=12-12,42.637010236
ParallelPhaseBlockedSPRoutines/V=5000_GR=1000_MaxProcs=12-12,36.978468914000004
ParallelPhaseBlockedSPRoutines/V=5000_GR=5000_MaxProcs=12-12,36.882498215000005
ParallelPhaseBlockedSPProcs/V=5000_GR=48_MaxProcs=1-12,184.11457334300002
ParallelPhaseBlockedSPProcs/V=5000_GR=48_MaxProcs=2-12,101.206409511
ParallelPhaseBlockedSPProcs/V=5000_GR=48_MaxProcs=4-12,58.82314267500001
ParallelPhaseBlockedSPProcs/V=5000_GR=48_MaxProcs=8-12,46.746713864
ParallelPhaseBlockedSPProcs/V=5000_GR=48_MaxProcs=12-12,45.401415363000005
ParallelPhaseBlockedSPProcs/V=5000_GR=48_MaxProcs=16-12,45.520117379000006
ParallelPhaseBlockedSPProcs/V=5000_GR=48_MaxProcs=24-12,45.703949064
ParallelPhaseBlockedSPProcs/V=5000_GR=48_MaxProcs=32-12,45.455238185000006
ParallelRowedSP/V=3-12,3.9669e-05
ParallelRowedSP/V=5-12,4.8923000000000006e-05
ParallelRowedSP/V=7-12,4.4779000000000006e-05
ParallelRowedSP/V=10-12,5.7666000000000007e-05
ParallelRowedSP/V=20-12,0.000123953
ParallelRowedSP/V=50-12,0.000514838
ParallelRowedSP/V=100-12,0.001876009
ParallelRowedSP/V=500-12,0.047478096000000004
ParallelRowedSP/V=1000-12,0.29245513300000003
ParallelRowedSP/V=2000-12,2.7973498830000003
ParallelRowedSP/V=5000-12,36.917822293
ParallelRowedSP/V=7500-12,121.150016156
ParallelRowedSPRoutines/V=5000_GR=2_MaxProcs=12-12,93.392926113
ParallelRowedSPRoutines/V=5000_GR=4_MaxProcs=12-12,51.415574177
ParallelRowedSPRoutines/V=5000_GR=9_MaxProcs=12-12,41.560313638000004
ParallelRowedSPRoutines/V=5000_GR=12_MaxProcs=12-12,36.866927296
ParallelRowedSPRoutines/V=5000_GR=24_MaxProcs=12-12,36.791273601
ParallelRowedSPRoutines/V=5000_GR=48_MaxProcs=12-12,36.248781155
ParallelRowedSPRoutines/V=5000_GR=144_MaxProcs=12-12,35.247764563000004
ParallelRowedSPRoutines/V=5000_GR=1000_MaxProcs=12-12,34.992971501
ParallelRowedSPRoutines/V=5000_GR=5000_MaxProcs=12-12,45.123993473000006
ParallelRowedSPProcs/V=5000_GR=48_MaxProcs=1-12,171.52258987800002
ParallelRowedSPProcs/V=5000_GR=48_MaxProcs=2-12,91.865431286
ParallelRowedSPProcs/V=5000_GR=48_MaxProcs=4-12,51.970315179
ParallelRowedSPProcs/V=5000_GR=48_MaxProcs=8-12,38.633682066000006
ParallelRowedSPProcs/V=5000_GR=48_MaxProcs=12-12,36.241396976000004
ParallelRowedSPProcs/V=5000_GR=48_MaxProcs=16-12,36.387214512
ParallelRowedSPProcs/V=5000_GR=48_MaxProcs=24-12,36.399677473000004
ParallelRowedSPProcs/V=5000_GR=48_MaxProcs=32-12,36.402283217000004
SequentialSP/V=3-12,6.375e-07
SequentialSP/V=5-12,8.960000000000001e-07
SequentialSP/V=7-12,1.751e-06
SequentialSP/V=10-12,4.65e-06
SequentialSP/V=20-12,2.6783e-05
SequentialSP/V=50-12,0.00036305200000000005
SequentialSP/V=100-12,0.002071641
SequentialSP/V=500-12,0.190817483
SequentialSP/V=1000-12,1.491696198
SequentialSP/V=2000-12,12.100814562
SequentialSP/V=5000-12,183.509026698
SequentialSP/V=7500-12,610.149246413
